
groshqei@hotmail.com|wuyi1950|1977|08|02|Lavina-Esposita|wuyi1950|US
bossacpe@hotmail.com|yuti0911|1973|03|19|Alison-Muschaweck|yuti0911|US
uenottwx@hotmail.com|luai0502|1969|09|20|Grazyna-Salina|luai0502|US
edgartzef@hotmail.com|hoyu1212|1979|10|20|Emeline-Tuenge|hoyu1212|US
mottolarqw@hotmail.com|miyu1106|1976|10|23|Shawn-Merriweather|miyu1106|US
mclernonyf@hotmail.com|hoyu0408|1965|08|10|Chante-Daugereau|hoyu0408|US
arnettpzw@hotmail.com|pyhay068|1981|04|05|Johnnie-Coan|pyhay068|US
wahbahyn@hotmail.com|elro2012|1983|08|04|Felicitas-Bolka|elro2012|US
tronevsnak@hotmail.com|guci1954|1982|12|07|Alysa-Basse|guci1954|US
zephyrqieu@hotmail.com|yaohua58|1979|04|27|Estefana-Seidman|yaohua58|US
wilberxlcs@hotmail.com|kieke818|1991|10|20|Danna-Carlsten|kieke818|US
almadaktww@hotmail.com|ozuy0109|1965|09|06|Mallory-Balboa|ozuy0109|US
telferdon@hotmail.com|zhushi68|1977|02|24|Marlena-Vuong|zhushi68|US
artusohlf@hotmail.com|chipiere|1963|04|10|Mariel-Burbank|chipiere|US
treanorlkc@hotmail.com|lujo1957|1971|04|19|Meredith-Seebach|lujo1957|US
fettigmupj@hotmail.com|rmin0308|1991|03|05|Ivelisse-Redgate|rmin0308|US


acklinvb@hotmail.com|maohsini|1962|05|24|Carroll-Otomo|maohsini|US
mouljmhn@hotmail.com|liyu0604|1983|07|05|Jamal-Greenway|liyu0604|US
toledanofb@hotmail.com|limengay|1971|01|13|Trinidad-Irons|limengay|US
heibergzsn@hotmail.com|gebi0609|1983|08|04|Arlen-Beck|gebi0609|US
bellomoutw@hotmail.com|chujen11|1968|07|09|Roland-Ballintyn|chujen11|US
bonnetqql@hotmail.com|pyji0111|1963|05|15|Otha-Kitchens|pyji0111|US
evoraiuw@hotmail.com|yufa0703|1973|03|25|Morris-Quang|yufa0703|US
robesonene@hotmail.com|maso2020|1978|04|20|Alonzo-Fahrenkrug|maso2020|US
batonwft@hotmail.com|jaoe0506|1978|04|20|Santos-Sylvestre|jaoe0506|US
roachhsj@hotmail.com|okjn0512|1985|02|08|Dorian-Dovalina|okjn0512|US
nardiafu@hotmail.com|aoru1959|1981|03|08|Donn-Philio|aoru1959|US
